Parametro,R_hat
log10(M_d),1.001904020831433
R_d,1.0015165823132175
log10(M_200),1.001501993691565
log10(c),1.0024040854184753
